ot,fecha,hora,estado
712496732415,20/01/2022,10:40,Envío entregado al destinatario
712496732415,20/01/2022,10:40,Envío entregado al destinatario
712496732415,20/01/2022,10:40,Envío entregado al destinatario
712582036250,12/09/2022,15:50,Envío entregado al destinatario
712570878154,02/11/2022,16:36,Envío cancelado por el remitente
712495088303,13/01/2022,10:18,Envío entregado al destinatario
712495044472,11/01/2022,12:43,Envío entregado al destinatario
712500103980,24/01/2022,10:51,Envío entregado al destinatario
712493639314,06/01/2022,09:40,Envío entregado al destinatario
712494801395,10/01/2022,12:18,Envío entregado al destinatario
712500533124,25/01/2022,10:23,Envío entregado al destinatario
712582279776,07/09/2022,10:54,Orden de transporte creada
712583058574,14/09/2022,15:49,Envío entregado al destinatario
712498629555,20/01/2022,11:46,Envío entregado al destinatario
712493716723,05/01/2022,12:43,Orden de transporte creada
712500414920,25/01/2022,12:14,Envío entregado al destinatario
712598686726,21/10/2022,15:08,Envío entregado al destinatario
712501486141,31/01/2022,10:05,Envío entregado al destinatario
712503136273,01/02/2022,11:01,Envío entregado al destinatario
712496321773,18/01/2022,12:35,Envío entregado al destinatario
712500088064,22/01/2022,12:26,Envío entregado al destinatario
712500453081,27/01/2022,11:23,Envío entregado al destinatario
712495807273,11/01/2022,10:17,Envío entregado al destinatario
712501939881,27/01/2022,10:05,Envío entregado al destinatario
712493743430,05/01/2022,13:35,Orden de transporte creada
712588262422,30/09/2022,15:50,Envío entregado al destinatario
712495963605,10/01/2022,17:49,Orden de transporte creada
712499670595,25/01/2022,09:27,Envío entregado al destinatario
712578484645,02/11/2022,16:41,Envío cancelado por el remitente
712584481615,20/09/2022,11:48,Envío entregado al destinatario
712494529316,13/01/2022,12:13,Envío entregado al destinatario
712495003113,17/01/2022,12:07,Envío entregado al destinatario
712596952885,03/11/2022,11:40,Envío retrasado por inconveniente en la dirección
712579628843,20/09/2022,10:59,Envío entregado al destinatario
712496776725,12/01/2022,12:16,Orden de transporte creada
712581918230,08/09/2022,14:39,Envío entregado al destinatario
712493779340,10/01/2022,16:27,Envío entregado al destinatario
712497292021,18/01/2022,17:04,Envío entregado al destinatario
712501474311,28/01/2022,13:57,Envío entregado al destinatario
712492749780,04/01/2022,21:00,Envío entregado al destinatario
712597977560,19/10/2022,10:27,Envío entregado al destinatario
712568887402,29/07/2022,11:14,Orden de transporte creada
712597977560,19/10/2022,10:27,Envío entregado al destinatario
712495754714,19/01/2022,15:58,Envío entregado al destinatario
712580637904,02/11/2022,16:26,Envío cancelado por el remitente
712497641251,20/01/2022,10:41,Envío entregado al destinatario
712578153022,02/11/2022,16:40,Envío cancelado por el remitente
712585679035,23/09/2022,13:01,Envío entregado al destinatario
712588457276,04/10/2022,09:56,Envío en despacho al destinatario
712596664846,17/10/2022,11:43,Envío entregado al destinatario
712496385182,20/01/2022,11:54,Envío entregado al destinatario
712502342591,10/02/2022,19:12,Envío en devolución a remitente
712501210540,01/02/2022,16:35,Envío entregado al destinatario
712501224002,24/01/2022,09:54,Orden de transporte creada
712494083033,10/01/2022,08:49,Envío entregado al destinatario
712499042931,18/01/2022,10:46,Orden de transporte creada
712573370585,12/08/2022,13:47,Envío entregado al destinatario
712579203221,31/08/2022,11:05,Envío entregado al destinatario
712573958386,02/11/2022,16:25,Envío cancelado por el remitente
712581778716,09/09/2022,10:33,Envío entregado al destinatario
712577281301,29/08/2022,17:42,Envío entregado al destinatario
712497320150,13/01/2022,17:02,Orden de transporte creada
712577399785,24/08/2022,11:59,Envío entregado al destinatario
712497320150,13/01/2022,17:02,Orden de transporte creada
712498517813,17/01/2022,11:00,Orden de transporte creada
712499673675,19/01/2022,16:42,Orden de transporte creada
712498517813,17/01/2022,11:00,Orden de transporte creada
712496907533,17/01/2022,12:52,Envío entregado al destinatario
712496801262,12/01/2022,13:16,Orden de transporte creada
712496898304,17/01/2022,09:50,Envío entregado al destinatario
712498734216,19/01/2022,11:51,Envío entregado al destinatario
712497356852,13/01/2022,18:57,Orden de transporte creada
712496891411,20/01/2022,17:43,Envío entregado al destinatario
712496891411,20/01/2022,17:43,Envío entregado al destinatario
712502340605,02/02/2022,15:01,Envío entregado al destinatario
712496500354,13/01/2022,12:11,Envío entregado al destinatario
712494760946,13/01/2022,17:18,Envío entregado al destinatario
712494760946,13/01/2022,17:18,Envío entregado al destinatario
712501954920,25/01/2022,17:47,Orden de transporte creada
712499663341,19/01/2022,16:16,Orden de transporte creada
712598356190,20/10/2022,12:20,Envío entregado al destinatario
712498749815,19/01/2022,14:04,Envío entregado al destinatario
712497312940,13/01/2022,16:46,Orden de transporte creada
712493283806,04/01/2022,16:00,Orden de transporte creada
712598159206,19/10/2022,15:08,Envío entregado al destinatario
712497320651,21/01/2022,09:58,Envío entregado al destinatario
712502173025,02/02/2022,13:05,Envío entregado al destinatario
712493010213,05/01/2022,12:16,Envío entregado al destinatario
712493628615,10/01/2022,09:59,Envío entregado al destinatario
712584385726,15/09/2022,11:15,Envío entregado al destinatario
712495631002,10/01/2022,09:17,Orden de transporte creada
712594140856,12/10/2022,09:50,Envío entregado al destinatario
712573667606,16/08/2022,09:38,Envío entregado al destinatario
712500366502,26/01/2022,15:52,Envío entregado al destinatario
712495946713,12/01/2022,20:47,Envío entregado al destinatario
712495946713,12/01/2022,20:47,Envío entregado al destinatario
712501745664,26/01/2022,17:08,Envío entregado al destinatario
712572274046,02/11/2022,16:36,Envío cancelado por el remitente
712499023736,18/01/2022,10:23,Orden de transporte creada
712495079586,14/01/2022,13:43,Envío entregado al destinatario
712493185062,07/01/2022,14:23,Envío entregado al destinatario
712502740666,01/02/2022,11:31,Envío entregado al destinatario
712493185062,07/01/2022,14:23,Envío entregado al destinatario
712493301553,07/01/2022,16:54,Envío entregado al destinatario
712493764356,11/01/2022,10:35,Envío entregado al destinatario
712499255591,25/01/2022,15:43,Envío entregado al destinatario
712503036243,28/01/2022,13:11,Orden de transporte creada
712498483410,17/01/2022,10:28,Orden de transporte creada
712495727985,12/01/2022,15:49,Envío entregado al destinatario
712493353386,04/01/2022,18:54,Orden de transporte creada
712493353386,04/01/2022,18:54,Orden de transporte creada
712573962494,17/08/2022,11:39,Envío entregado al destinatario
712497322541,13/01/2022,17:09,Orden de transporte creada
712584459392,21/09/2022,12:19,Envío entregado al destinatario
712597234473,24/10/2022,11:13,Envío entregado al destinatario
712500681023,24/01/2022,12:55,Envío entregado al destinatario
712501940916,31/01/2022,09:58,Envío entregado al destinatario
712499686533,25/01/2022,16:21,Envío entregado al destinatario
712499686533,25/01/2022,16:21,Envío entregado al destinatario
712499686533,25/01/2022,16:21,Envío entregado al destinatario
712499686533,25/01/2022,16:21,Envío entregado al destinatario
712596927814,14/10/2022,12:30,Orden de transporte creada
712584481394,22/09/2022,17:29,Envío entregado al destinatario
712596145321,14/10/2022,11:14,Envío entregado al destinatario
712596270046,12/10/2022,17:52,Orden de transporte creada
712596247226,24/10/2022,09:37,Envío entregado al destinatario
712573202666,22/08/2022,11:32,Envío entregado al destinatario
712501531280,24/01/2022,18:04,Orden de transporte creada
712494550935,11/01/2022,12:15,Envío entregado al destinatario
712499602264,24/01/2022,11:11,Envío entregado al destinatario
712577996126,29/08/2022,11:05,Envío entregado al destinatario
712502700556,02/02/2022,11:43,Envío entregado al destinatario
712500531794,04/02/2022,11:12,Envío entregado al destinatario
712498489695,19/01/2022,12:10,Envío entregado al destinatario
712501858283,25/01/2022,13:34,Orden de transporte creada
712503842352,04/02/2022,11:09,Envío entregado al destinatario
712494190973,07/01/2022,10:37,Envío entregado al destinatario
712579231490,05/09/2022,16:20,Envío entregado al destinatario
712493837602,10/01/2022,14:38,Envío entregado al destinatario
712497197053,14/01/2022,15:13,Envío entregado al destinatario
712501187591,26/01/2022,15:38,Envío entregado al destinatario
712499171790,18/01/2022,14:16,Orden de transporte creada
712496841825,24/01/2022,15:24,Envío entregado al destinatario
712501506275,26/01/2022,10:00,Envío entregado al destinatario
712496468460,19/01/2022,12:40,Envío entregado al destinatario
712496676850,12/01/2022,09:17,Orden de transporte creada
712496676850,12/01/2022,09:17,Orden de transporte creada
712502308980,01/02/2022,11:46,Envío entregado al destinatario
712584417650,14/09/2022,10:31,Orden de transporte creada
712500084063,20/01/2022,15:18,Orden de transporte creada
712502157275,02/02/2022,10:42,Envío entregado al destinatario
712496731774,18/01/2022,11:01,Envío entregado al destinatario
712596465206,13/10/2022,09:53,Orden de transporte creada
712494067106,06/01/2022,09:19,Orden de transporte creada
712573448414,02/11/2022,16:38,Envío cancelado por el remitente
712579038345,30/08/2022,11:35,Envío entregado al destinatario
712500525785,21/01/2022,17:17,Orden de transporte creada
712500525785,21/01/2022,17:17,Orden de transporte creada
712579932610,02/11/2022,16:43,Envío cancelado por el remitente
712499024834,18/01/2022,10:25,Orden de transporte creada
712499024834,18/01/2022,10:25,Orden de transporte creada
712598561474,24/10/2022,10:36,Envío entregado al destinatario
712499210721,20/01/2022,12:52,Envío entregado al destinatario
712495051590,08/01/2022,13:16,Orden de transporte creada
712495783801,20/01/2022,10:27,Envío entregado al destinatario
712495758774,14/01/2022,12:18,Envío entregado al destinatario
712495911046,14/01/2022,09:28,Envío entregado al destinatario
712494766336,07/01/2022,16:44,Orden de transporte creada
712597952430,20/10/2022,14:51,Envío entregado al destinatario
712595204134,10/10/2022,16:36,Orden de transporte creada
712502104532,03/02/2022,10:16,Envío entregado al destinatario
712501512321,26/01/2022,12:06,Envío entregado al destinatario
712502896486,28/01/2022,08:47,Orden de transporte creada
712501862111,25/01/2022,13:45,Orden de transporte creada
712495720624,10/01/2022,11:01,Orden de transporte creada
712495725491,10/01/2022,11:07,Orden de transporte creada
712498639554,21/01/2022,09:49,Envío entregado al destinatario
712498639554,21/01/2022,09:49,Envío entregado al destinatario
712573688551,16/08/2022,12:18,Envío entregado al destinatario
712579285456,02/11/2022,16:45,Envío cancelado por el remitente
712500123683,24/01/2022,09:21,Envío entregado al destinatario
712500123683,24/01/2022,09:21,Envío entregado al destinatario
712493743124,14/01/2022,12:01,Envío entregado al remitente
712501934115,28/01/2022,09:45,Envío entregado al destinatario
712495870402,13/01/2022,10:30,Envío entregado al destinatario
712586661500,27/09/2022,09:30,Envío entregado al destinatario
712495844502,10/01/2022,13:58,Orden de transporte creada
712492575583,06/01/2022,16:30,Envío entregado al destinatario
712493296443,06/01/2022,19:45,Envío entregado al destinatario
712502096246,24/03/2022,10:11,Envío en devolución a remitente
712574917471,02/11/2022,16:39,Envío cancelado por el remitente
712496464816,17/01/2022,10:20,Envío entregado al destinatario
712502282962,28/01/2022,10:24,Envío entregado al destinatario
712493283655,04/01/2022,16:00,Orden de transporte creada
712496487975,11/01/2022,17:11,Orden de transporte creada
712502145482,27/01/2022,09:51,Envío entregado al destinatario
712502709096,27/01/2022,16:22,Orden de transporte creada
712502709170,27/01/2022,16:22,Orden de transporte creada
712569013634,02/08/2022,11:48,Envío entregado al destinatario
712497666812,24/01/2022,11:44,Envío entregado al destinatario
712502331822,31/01/2022,12:23,Envío entregado al destinatario
712497122002,17/01/2022,09:20,Envío entregado al destinatario
712492450762,03/01/2022,09:39,Orden de transporte creada
712502220765,28/01/2022,10:29,Envío entregado al destinatario
712598507423,19/10/2022,08:32,Orden de transporte creada
712495906415,10/01/2022,15:44,Orden de transporte creada
712495942410,13/01/2022,13:54,Envío entregado al destinatario
712495619010,12/01/2022,13:13,Envío entregado al destinatario
712495813116,12/01/2022,10:12,Envío entregado al destinatario
712500098656,24/01/2022,12:00,Envío entregado al destinatario
712499686533,25/01/2022,16:21,Envío entregado al destinatario
712580275186,06/09/2022,14:05,Envío entregado al destinatario
712580280915,02/11/2022,16:24,Envío cancelado por el remitente
712502351352,26/01/2022,17:21,Orden de transporte creada
712579660656,02/11/2022,16:23,Envío cancelado por el remitente
712494780384,13/01/2022,12:09,Envío entregado al destinatario
712495031253,13/01/2022,11:37,Envío entregado al destinatario
712497237922,18/01/2022,14:47,Envío entregado al destinatario
712583601763,12/09/2022,09:30,Orden de transporte creada
712495096342,12/01/2022,11:08,Envío entregado al destinatario
712502134352,31/01/2022,10:12,Envío entregado al destinatario
712492420334,06/01/2022,12:50,Envío entregado al destinatario
712495842542,12/01/2022,09:58,Envío entregado al destinatario
712497096905,19/01/2022,13:56,Envío entregado al destinatario
712499460481,21/01/2022,10:35,Envío entregado al destinatario
712502631886,31/01/2022,10:03,Envío entregado al destinatario
712503111843,08/02/2022,10:07,Envío entregado al destinatario
712500127323,08/02/2022,15:44,Envío entregado al destinatario
712493621055,10/01/2022,11:37,Envío entregado al destinatario
712493335816,17/01/2022,12:08,Envío entregado al remitente
712493335816,17/01/2022,12:08,Envío entregado al remitente
712502566016,27/01/2022,11:01,Orden de transporte creada
712502566016,27/01/2022,11:01,Orden de transporte creada
712494325804,06/01/2022,17:18,Orden de transporte creada
712501410342,24/01/2022,13:57,Orden de transporte creada
712501388406,31/01/2022,09:58,Envío entregado al destinatario
712493814620,12/01/2022,14:07,Envío entregado al destinatario
712494274693,06/01/2022,15:24,Orden de transporte creada
712500533124,25/01/2022,10:23,Envío entregado al destinatario
712493700170,11/01/2022,10:34,Envío entregado al destinatario
712497110452,17/01/2022,10:40,Envío entregado al destinatario
712493596791,06/01/2022,10:27,Envío entregado al destinatario
712502930355,02/02/2022,11:57,Envío entregado al destinatario
712500153573,24/01/2022,11:59,Envío entregado al destinatario
712494691381,07/01/2022,13:32,Orden de transporte creada
712495875630,10/01/2022,14:42,Orden de transporte creada
712498616922,18/01/2022,10:40,Envío entregado al destinatario
712594229432,14/10/2022,13:24,Envío entregado al destinatario
712594229432,14/10/2022,13:24,Envío entregado al destinatario
712586788653,23/09/2022,15:43,Orden de transporte creada
712500431996,01/02/2022,09:35,Envío entregado al destinatario
712598742951,24/10/2022,09:49,Envío entregado al destinatario
712496485120,17/01/2022,18:43,Envío entregado al destinatario
712496215631,14/01/2022,10:01,Envío entregado al destinatario
712494981166,13/01/2022,10:47,Envío entregado al destinatario
712496725673,19/01/2022,12:43,Envío entregado al destinatario
712495923392,14/01/2022,09:57,Envío entregado al destinatario
712493195816,10/01/2022,10:48,Envío entregado al destinatario
712493195816,10/01/2022,10:48,Envío entregado al destinatario
712497175611,19/01/2022,14:48,Envío entregado al destinatario
712581918215,06/09/2022,12:02,Orden de transporte creada
712578970913,02/11/2022,16:45,Envío cancelado por el remitente
712578970913,02/11/2022,16:45,Envío cancelado por el remitente
712579008503,28/09/2022,09:31,Envío entregado al destinatario
712493075825,05/01/2022,13:17,Envío entregado al destinatario
712579008503,28/09/2022,09:31,Envío entregado al destinatario
712579008503,28/09/2022,09:31,Envío entregado al destinatario
712583883561,21/09/2022,09:09,Envío entregado al destinatario
712596087501,26/10/2022,04:24,Envío en tránsito hacia SAN BERNARDO
712495756560,10/01/2022,11:42,Orden de transporte creada
712503910834,02/02/2022,13:16,Envío entregado al destinatario
712495938346,13/01/2022,12:52,Envío entregado al destinatario
712497740964,14/01/2022,15:57,Orden de transporte creada
712497740964,14/01/2022,15:57,Orden de transporte creada
712503881670,07/02/2022,11:57,Envío entregado al destinatario
712499255403,18/01/2022,17:29,Orden de transporte creada
712494309612,06/01/2022,16:40,Orden de transporte creada
712496764501,20/01/2022,11:31,Envío entregado al destinatario
712503323151,02/02/2022,16:59,Envío entregado al destinatario
712499650122,21/01/2022,14:14,Envío entregado al destinatario
712493707030,25/01/2022,12:07,Envío entregado al remitente
712494742853,17/01/2022,14:01,Envío entregado al destinatario
712494742853,17/01/2022,14:01,Envío entregado al destinatario
712493736566,06/01/2022,17:23,Envío entregado al destinatario
712493274290,04/01/2022,15:47,Orden de transporte creada
712584774484,15/09/2022,12:13,Orden de transporte creada
712494639765,07/01/2022,12:05,Orden de transporte creada
712499655770,19/01/2022,16:00,Orden de transporte creada
712499655991,19/01/2022,16:00,Orden de transporte creada
712499657450,21/01/2022,12:04,Envío entregado al destinatario
712499023736,18/01/2022,10:23,Orden de transporte creada
712496888515,12/01/2022,16:56,Orden de transporte creada
712568572752,28/07/2022,11:15,Orden de transporte creada
712494178852,10/01/2022,09:25,Envío entregado al destinatario
712493281651,10/01/2022,12:48,Envío entregado al destinatario
712493070671,07/01/2022,11:05,Envío entregado al destinatario
712497097362,17/01/2022,09:50,Envío entregado al destinatario
712497786906,18/01/2022,19:57,Envío entregado al destinatario
712502274713,26/01/2022,13:59,Orden de transporte creada
712502274713,26/01/2022,13:59,Orden de transporte creada
712500463614,28/01/2022,13:28,Envío entregado al remitente
712492733352,03/01/2022,16:45,Orden de transporte creada
712492733352,03/01/2022,16:45,Orden de transporte creada
712502717710,31/01/2022,15:40,Envío entregado al destinatario
712492520095,11/01/2022,10:12,Envío entregado al destinatario
712492492891,04/01/2022,08:56,Envío entregado al destinatario
712492492891,04/01/2022,08:56,Envío entregado al destinatario
712500286750,21/01/2022,08:36,Orden de transporte creada
712502702914,02/02/2022,12:32,Envío entregado al destinatario
712596248501,18/10/2022,17:00,Envío entregado al destinatario
712501858670,25/01/2022,13:35,Orden de transporte creada
712496351556,13/01/2022,11:46,Envío entregado al destinatario
712499238216,24/01/2022,14:57,Envío entregado al destinatario
712501402071,27/01/2022,15:20,Envío entregado al destinatario
712496485470,17/01/2022,12:52,Envío entregado al destinatario
712497658876,21/01/2022,11:00,Envío entregado al remitente
712497176440,20/01/2022,09:29,Envío entregado al destinatario
712494970401,11/01/2022,10:57,Envío entregado al destinatario
712503294451,31/01/2022,14:12,Envío entregado al destinatario
712493004941,11/01/2022,12:34,Envío entregado al destinatario
712501955130,25/01/2022,17:48,Orden de transporte creada
712499221836,20/01/2022,10:08,Envío entregado al destinatario
712494761016,12/01/2022,14:26,Envío entregado al destinatario
712588262083,28/09/2022,15:37,Orden de transporte creada
712503975396,31/01/2022,11:52,Orden de transporte creada
712492736336,03/01/2022,16:52,Orden de transporte creada
712500128141,28/01/2022,17:05,Envío entregado al destinatario
712570495814,08/08/2022,11:52,Envío entregado al remitente
712570495814,08/08/2022,11:52,Envío entregado al remitente
712570497236,02/11/2022,16:36,Envío cancelado por el remitente
712498727301,18/01/2022,17:25,Envío entregado al destinatario
712502111823,28/01/2022,13:32,Envío entregado al destinatario
712502111823,28/01/2022,13:32,Envío entregado al destinatario
712596165761,17/10/2022,10:54,Envío entregado al destinatario
712494196772,13/01/2022,12:12,Envío entregado al destinatario
712497663953,28/01/2022,10:05,Envío entregado al destinatario
712494196772,13/01/2022,12:12,Envío entregado al destinatario
712497701926,19/01/2022,14:04,Envío entregado al destinatario
712503028565,01/02/2022,11:06,Envío entregado al destinatario
712498589305,17/01/2022,12:18,Orden de transporte creada
712492594203,03/01/2022,12:33,Orden de transporte creada
712492488971,05/01/2022,13:17,Envío entregado al destinatario
712585514056,22/09/2022,10:55,Envío entregado al destinatario
712580730046,06/09/2022,11:03,Envío entregado al destinatario
712500456846,25/01/2022,13:49,Envío entregado al destinatario
712493088241,04/01/2022,10:31,Orden de transporte creada
712499027365,24/01/2022,11:38,Envío entregado al destinatario
712496495185,11/01/2022,17:31,Orden de transporte creada
712496923073,19/01/2022,13:46,Envío entregado al destinatario
712497211086,13/01/2022,12:34,Orden de transporte creada
712497331630,28/01/2022,11:02,Envío entregado al destinatario
712493329800,17/01/2022,12:05,Envío entregado al destinatario
712496194410,12/01/2022,14:29,Envío entregado al destinatario
712585925004,03/10/2022,14:45,Envío entregado al destinatario
712499456760,20/01/2022,12:55,Envío entregado al destinatario
712492731790,05/01/2022,10:41,Envío entregado al destinatario
712502192485,01/02/2022,15:11,Envío entregado al destinatario
712501410121,24/01/2022,13:57,Orden de transporte creada
712502110585,28/01/2022,12:27,Envío entregado al destinatario
712582435961,22/09/2022,12:43,Envío entregado al destinatario
712503982993,31/01/2022,12:02,Orden de transporte creada
712501415625,24/01/2022,14:09,Orden de transporte creada
712492572971,10/01/2022,09:36,Envío entregado al destinatario
712495729131,14/01/2022,12:23,Envío entregado al destinatario
712502317144,31/01/2022,10:03,Envío entregado al destinatario
712591415222,04/10/2022,17:20,Orden de transporte creada
712495963605,10/01/2022,17:49,Orden de transporte creada
712498603456,17/01/2022,12:40,Orden de transporte creada
712502532475,02/02/2022,14:43,Envío entregado al destinatario
712497189876,04/02/2022,11:36,Envío entregado al destinatario
712494666041,13/01/2022,12:25,Envío entregado al destinatario
712493675482,10/01/2022,12:03,Envío entregado al destinatario
712495065365,12/01/2022,10:43,Envío entregado al destinatario
712492632751,07/01/2022,12:06,Envío entregado al destinatario
712492632751,07/01/2022,12:06,Envío entregado al destinatario
712498752081,17/01/2022,17:30,Orden de transporte creada
712502523751,03/02/2022,16:26,Envío entregado al destinatario
712496295486,14/01/2022,10:18,Envío entregado al destinatario
712495946002,17/01/2022,17:55,Envío entregado al destinatario
712499491852,07/04/2022,15:55,Envío entregado al remitente
712502265252,01/02/2022,14:33,Envío entregado al destinatario
712496455075,18/01/2022,14:21,Envío entregado al destinatario
712501859882,14/02/2022,11:44,Envío entregado al destinatario
712495963314,17/01/2022,14:38,Envío entregado al destinatario
712501853696,25/01/2022,13:18,Orden de transporte creada
712501854842,25/01/2022,13:22,Orden de transporte creada
712502533094,02/02/2022,15:02,Envío entregado al destinatario
712582059125,13/09/2022,11:52,Envío entregado al destinatario
712500084085,03/02/2022,10:40,Envío entregado al destinatario
712495780846,17/01/2022,09:54,Envío entregado al destinatario
712497324781,18/01/2022,12:38,Envío entregado al destinatario
712498644642,17/01/2022,13:52,Orden de transporte creada
712496782351,17/01/2022,09:50,Envío entregado al destinatario
712496684896,31/01/2022,10:49,Envío entregado al destinatario
712497078532,15/01/2022,09:47,Envío entregado al destinatario
712494586510,07/01/2022,10:32,Orden de transporte creada
712494586510,07/01/2022,10:32,Orden de transporte creada
712494586510,07/01/2022,10:32,Orden de transporte creada
712494586510,07/01/2022,10:32,Orden de transporte creada
712500509210,25/01/2022,09:25,Envío entregado al destinatario
712584246706,20/09/2022,09:33,Envío entregado al destinatario
712501821124,11/03/2022,10:19,Inconveniente en el Envío
712499703053,19/01/2022,18:07,Orden de transporte creada
712494043914,06/01/2022,08:36,Orden de transporte creada
712496456980,14/01/2022,12:23,Envío entregado al destinatario
712500100900,20/01/2022,16:00,Orden de transporte creada
712497309834,15/01/2022,13:33,Envío entregado al destinatario
712494338290,27/01/2022,11:57,Envío entregado al destinatario
712496223784,14/01/2022,09:49,Envío entregado al destinatario
712493860072,05/01/2022,18:37,Orden de transporte creada
712502910022,28/01/2022,09:20,Orden de transporte creada
712492461903,03/01/2022,09:51,Orden de transporte creada
712496413226,11/01/2022,14:21,Orden de transporte creada
712494527765,12/01/2022,13:38,Envío entregado al destinatario
712495065122,11/01/2022,10:01,Envío entregado al destinatario
712497739251,18/01/2022,17:04,Envío entregado al destinatario
712584839083,28/09/2022,11:32,Envío entregado al destinatario
712496869151,17/01/2022,14:01,Envío entregado al destinatario
712499476986,24/01/2022,11:18,Envío entregado al destinatario
712500295695,26/01/2022,11:25,Envío entregado al destinatario
712499053490,24/01/2022,10:21,Envío entregado al destinatario
712502163516,31/01/2022,11:36,Envío entregado al destinatario
712498959196,18/01/2022,08:44,Orden de transporte creada
712500108622,20/01/2022,16:20,Orden de transporte creada
712498778504,19/01/2022,14:44,Envío entregado al destinatario
712587971955,29/09/2022,09:37,Envío entregado al destinatario
712495110003,11/01/2022,09:02,Envío entregado al destinatario
712597927650,21/10/2022,14:41,Envío entregado al destinatario
712502719515,01/02/2022,08:10,Envío entregado al destinatario
712502630416,07/02/2022,12:43,Envío entregado al destinatario
712495633522,15/01/2022,10:52,Envío entregado al destinatario
712501869214,31/01/2022,10:24,Envío entregado al destinatario
712502138530,26/01/2022,10:12,Orden de transporte creada
712503023282,28/01/2022,12:37,Orden de transporte creada
712500360821,24/01/2022,08:45,Envío entregado al destinatario
712494550121,17/01/2022,09:50,Envío entregado al destinatario
712497086604,19/01/2022,09:49,Envío entregado al destinatario
712501506592,26/01/2022,13:44,Envío entregado al destinatario
712501810296,27/01/2022,11:26,Envío entregado al destinatario
712501810543,27/01/2022,09:18,Envío entregado al destinatario
712581278581,07/09/2022,12:04,Envío entregado al destinatario
712501530241,26/01/2022,10:42,Envío entregado al destinatario
712496207850,11/01/2022,09:21,Orden de transporte creada
712497675422,14/01/2022,13:03,Orden de transporte creada
712497292161,13/01/2022,15:59,Orden de transporte creada
712497144542,13/01/2022,10:50,Orden de transporte creada
712574880776,22/08/2022,11:40,Envío entregado al destinatario
712499953723,20/01/2022,10:59,Orden de transporte creada
712571502392,02/11/2022,16:25,Envío cancelado por el remitente
712493317314,07/01/2022,10:23,Envío entregado al destinatario
712597711276,24/10/2022,09:31,Envío entregado al destinatario
712497578144,18/02/2022,16:09,Envío entregado al destinatario
712492756393,06/01/2022,20:12,Envío entregado al destinatario
712494974225,14/01/2022,12:16,Envío entregado al destinatario
712501747904,11/03/2022,23:03,Envío en tránsito hacia PUDAHUEL
712494058102,10/01/2022,11:24,Envío entregado al destinatario
712493217564,04/01/2022,13:41,Orden de transporte creada
712492573251,26/01/2022,11:04,Envío entregado al remitente
712493812645,05/01/2022,16:21,Orden de transporte creada
712499717425,19/01/2022,19:07,Orden de transporte creada
712499717425,19/01/2022,19:07,Orden de transporte creada
712501761613,31/01/2022,10:32,Envío entregado al destinatario
712497332610,17/01/2022,17:43,Envío entregado al destinatario
712497332610,17/01/2022,17:43,Envío entregado al destinatario
712497332610,17/01/2022,17:43,Envío entregado al destinatario
712493811326,08/01/2022,10:19,Envío entregado al destinatario
712493811326,08/01/2022,10:19,Envío entregado al destinatario
712493811326,08/01/2022,10:19,Envío entregado al destinatario
712493811326,08/01/2022,10:19,Envío entregado al destinatario
712495729131,14/01/2022,12:23,Envío entregado al destinatario
712494973013,18/01/2022,12:23,Envío entregado al destinatario
712502496753,27/01/2022,08:55,Orden de transporte creada
712590705260,06/10/2022,11:26,Envío entregado al destinatario
712501158316,31/01/2022,10:05,Envío entregado al destinatario
712496740211,17/01/2022,10:06,Envío entregado al destinatario
712497761964,14/01/2022,17:22,Orden de transporte creada
712494511890,12/01/2022,10:44,Envío entregado al destinatario
712496387411,17/01/2022,11:54,Envío entregado al destinatario
712496384390,11/01/2022,13:28,Orden de transporte creada
712591286886,17/10/2022,10:19,Envío entregado al destinatario
712501678033,25/01/2022,08:32,Orden de transporte creada
712497734944,18/01/2022,13:50,Envío entregado al destinatario
712494144795,10/01/2022,12:21,Envío entregado al destinatario
712504057101,07/02/2022,13:24,Envío entregado al destinatario
712575052770,18/08/2022,09:47,Envío entregado al destinatario
712574945261,02/11/2022,16:35,Envío cancelado por el remitente
712575052770,18/08/2022,09:47,Envío entregado al destinatario
712574945261,02/11/2022,16:35,Envío cancelado por el remitente
712502269426,01/02/2022,19:40,Envío entregado al destinatario
712590706450,07/10/2022,12:58,Envío entregado al destinatario
712498593192,20/01/2022,10:37,Envío entregado al destinatario
712501390926,27/01/2022,15:19,Envío entregado al destinatario
712501390926,27/01/2022,15:19,Envío entregado al destinatario
712502892894,01/02/2022,09:56,Envío entregado al destinatario
712501390926,27/01/2022,15:19,Envío entregado al destinatario
712496798764,12/01/2022,13:09,Orden de transporte creada
712497762152,18/01/2022,18:36,Envío entregado al destinatario
712497762152,18/01/2022,18:36,Envío entregado al destinatario
712503812016,01/02/2022,10:53,Envío entregado al destinatario
712502691176,31/01/2022,14:51,Envío entregado al destinatario
712497205991,18/01/2022,14:20,Envío entregado al destinatario
712500521272,08/02/2022,10:38,Envío entregado al destinatario
712494527765,12/01/2022,13:38,Envío entregado al destinatario
712494527765,12/01/2022,13:38,Envío entregado al destinatario
712498969162,19/01/2022,09:59,Envío entregado al destinatario
712498969162,19/01/2022,09:59,Envío entregado al destinatario
712498969162,19/01/2022,09:59,Envío entregado al destinatario
712498969162,19/01/2022,09:59,Envío entregado al destinatario
712498969162,19/01/2022,09:59,Envío entregado al destinatario
712498387263,17/01/2022,08:38,Orden de transporte creada
712503298253,07/02/2022,13:24,Envío entregado al destinatario
712582207654,08/09/2022,15:05,Envío entregado al destinatario
712582207654,08/09/2022,15:05,Envío entregado al destinatario
712497275825,13/01/2022,15:23,Orden de transporte creada
712497275825,13/01/2022,15:23,Orden de transporte creada
712494057741,07/01/2022,11:07,Envío entregado al destinatario
712502530600,03/02/2022,15:56,Envío entregado al destinatario
712568485856,02/08/2022,14:58,Envío entregado al destinatario
712499900685,27/01/2022,15:39,Envío entregado al destinatario
712497091331,17/01/2022,11:04,Envío entregado al destinatario
712495024323,08/01/2022,11:49,Orden de transporte creada
712496784786,12/01/2022,12:33,Orden de transporte creada
712493353386,04/01/2022,18:54,Orden de transporte creada
712493353386,04/01/2022,18:54,Orden de transporte creada
712494639975,17/01/2022,12:07,Envío entregado al destinatario
712493353386,04/01/2022,18:54,Orden de transporte creada
712494639975,17/01/2022,12:07,Envío entregado al destinatario
712493353386,04/01/2022,18:54,Orden de transporte creada
712493353386,04/01/2022,18:54,Orden de transporte creada
712502321532,27/01/2022,17:30,Envío entregado al destinatario
712500398083,21/01/2022,11:37,Orden de transporte creada
712504146126,31/01/2022,16:27,Orden de transporte creada
712493282174,04/01/2022,15:56,Orden de transporte creada
712494766675,13/01/2022,09:13,Envío entregado al destinatario
712496443901,11/01/2022,15:26,Orden de transporte creada
712496443934,15/01/2022,10:52,Envío entregado al destinatario
712494538862,07/01/2022,09:27,Orden de transporte creada
712492623076,04/01/2022,10:18,Envío entregado al destinatario
712496899936,14/01/2022,13:46,Envío entregado al destinatario
712497320566,17/01/2022,10:40,Envío entregado al destinatario
712495619113,13/01/2022,12:13,Envío entregado al destinatario
712497741826,24/01/2022,11:59,Envío entregado al destinatario
712501831554,27/01/2022,12:14,Envío entregado al destinatario
712498756642,21/01/2022,11:44,Envío entregado al destinatario
712497296210,13/01/2022,16:07,Orden de transporte creada
712496911011,12/01/2022,17:58,Orden de transporte creada
712497567703,21/01/2022,10:26,Envío entregado al destinatario
712501794524,14/02/2022,18:22,Envío entregado al destinatario
712581827790,09/09/2022,20:35,Envío entregado al destinatario
712581827790,09/09/2022,20:35,Envío entregado al destinatario
712503979390,03/02/2022,12:37,Envío entregado al destinatario
712499650026,24/01/2022,17:59,Envío entregado al destinatario
712595071344,10/10/2022,09:15,Orden de transporte creada
712492733352,03/01/2022,16:45,Orden de transporte creada
712501265626,28/01/2022,10:27,Envío entregado al destinatario
712494526321,14/01/2022,11:38,Envío entregado al destinatario
712498444604,18/01/2022,20:15,Envío entregado al destinatario
712495632553,17/01/2022,13:37,Envío entregado al destinatario
712496460480,28/01/2022,15:58,Envío entregado al destinatario
712493308833,06/01/2022,11:44,Envío entregado al destinatario
712495926881,11/02/2022,11:18,Envío entregado al remitente
712496819565,14/01/2022,20:55,Envío entregado al destinatario
712499512255,19/01/2022,10:49,Orden de transporte creada
712498441406,17/01/2022,09:42,Orden de transporte creada
712496801262,12/01/2022,13:16,Orden de transporte creada
712493033766,04/01/2022,09:15,Orden de transporte creada
712499242313,21/01/2022,15:39,Envío entregado al destinatario
712499242313,21/01/2022,15:39,Envío entregado al destinatario
712493273634,17/01/2022,10:40,Envío entregado al destinatario
712500139875,24/01/2022,09:56,Envío entregado al destinatario
712494525875,10/01/2022,14:29,Envío entregado al destinatario
712500325600,21/01/2022,09:53,Orden de transporte creada
712492622413,10/01/2022,09:26,Envío entregado al destinatario
712580777145,02/11/2022,16:45,Envío cancelado por el remitente
712500535434,27/01/2022,09:59,Envío entregado al destinatario
712496909692,12/01/2022,17:53,Orden de transporte creada
712495823395,10/01/2022,13:20,Orden de transporte creada
712492411396,10/01/2022,14:12,Envío entregado al destinatario
712493080246,07/01/2022,11:40,Envío entregado al destinatario
712497545233,24/01/2022,16:34,Envío entregado al destinatario
712498463176,17/01/2022,10:09,Orden de transporte creada
712498436123,20/01/2022,08:48,Envío entregado al destinatario
712495085551,08/01/2022,15:43,Orden de transporte creada
712498987001,20/01/2022,15:37,Envío entregado al destinatario
712493605810,10/01/2022,14:12,Envío entregado al destinatario
712502508115,01/02/2022,12:20,Envío entregado al destinatario
712500748304,25/01/2022,11:27,Envío entregado al destinatario
712502984325,28/01/2022,11:39,Orden de transporte creada
712493622326,14/01/2022,13:52,Envío entregado al destinatario
712497709755,14/01/2022,14:16,Orden de transporte creada
712492494803,05/01/2022,12:29,Envío entregado al destinatario
712499918502,22/01/2022,12:30,Envío entregado al destinatario
712500526146,24/01/2022,14:26,Envío en PUDAHUEL
712586687050,26/09/2022,11:39,Envío entregado al destinatario
712493734293,07/01/2022,10:36,Envío entregado al destinatario
712495078923,08/01/2022,15:08,Orden de transporte creada
712501796053,25/01/2022,11:42,Orden de transporte creada
712501916324,27/01/2022,16:14,Envío entregado al destinatario
712499877202,20/01/2022,09:03,Orden de transporte creada
712494684672,14/01/2022,10:04,Envío entregado al destinatario
712580400954,05/09/2022,13:46,Envío entregado al destinatario
712497670286,14/01/2022,12:52,Orden de transporte creada
712493596791,06/01/2022,10:27,Envío entregado al destinatario
712591366034,07/10/2022,15:34,Envío entregado al destinatario
712582431072,09/09/2022,12:11,Envío entregado al destinatario
712502554326,27/01/2022,10:37,Orden de transporte creada
712501716625,27/01/2022,09:07,Envío entregado al destinatario
712503123710,14/03/2022,13:08,Envío entregado al destinatario
712500389016,24/01/2022,10:23,Envío entregado al destinatario
712500046753,24/01/2022,09:45,Envío entregado al destinatario
712492494803,05/01/2022,12:29,Envío entregado al destinatario
712492494803,05/01/2022,12:29,Envío entregado al destinatario
712501287481,28/01/2022,09:45,Envío entregado al destinatario
712598649066,21/10/2022,15:47,Envío entregado al destinatario
712492465005,06/01/2022,09:33,Envío entregado al destinatario
712500789501,26/01/2022,09:32,Envío entregado al destinatario
712597678284,19/10/2022,08:49,Envío entregado al destinatario
712587974431,05/10/2022,10:38,Envío entregado al destinatario
712569945264,04/08/2022,12:21,Envío entregado al destinatario
712569925141,01/08/2022,15:39,Orden de transporte creada
712492603690,03/01/2022,12:47,Orden de transporte creada
712502324041,26/01/2022,16:12,Orden de transporte creada
712501401780,27/01/2022,10:31,Envío entregado al destinatario
712496449954,13/01/2022,12:06,Envío entregado al destinatario
712493838560,07/01/2022,12:28,Envío entregado al destinatario
712501291165,26/01/2022,11:51,Envío entregado al destinatario
712596105292,17/10/2022,11:59,Envío entregado al destinatario
712596097544,14/10/2022,10:16,Envío entregado al destinatario
712596097544,14/10/2022,10:16,Envío entregado al destinatario
712497328896,07/02/2022,10:25,Envío entregado al remitente
712501899546,01/02/2022,16:30,Envío entregado al destinatario
712504166231,31/01/2022,17:00,Orden de transporte creada
712496694803,14/01/2022,13:58,Envío entregado al destinatario
712493054206,07/01/2022,10:06,Envío entregado al destinatario
712492629332,10/01/2022,12:51,Envío entregado al destinatario
712572998782,02/11/2022,16:38,Envío cancelado por el remitente
712573044842,02/11/2022,16:41,Envío cancelado por el remitente
712573043615,02/11/2022,16:24,Envío cancelado por el remitente
712497203423,14/01/2022,13:00,Envío entregado al destinatario
712493748503,05/01/2022,13:50,Orden de transporte creada
712493748610,05/01/2022,13:50,Orden de transporte creada
712492512163,03/01/2022,10:47,Orden de transporte creada
712496898271,12/01/2022,17:21,Orden de transporte creada
712501238525,27/01/2022,15:19,Envío entregado al destinatario
712595161902,10/10/2022,14:09,Orden de transporte creada
712499459243,21/01/2022,14:33,Envío entregado al destinatario
712493212583,04/01/2022,13:27,Orden de transporte creada
712500416574,21/01/2022,12:20,Orden de transporte creada
712500536532,27/01/2022,12:25,Envío entregado al destinatario
712502377812,26/01/2022,18:52,Orden de transporte creada
712492602662,07/01/2022,09:45,Envío entregado al destinatario
712502630291,27/01/2022,12:51,Orden de transporte creada
712500332585,26/01/2022,11:47,Envío entregado al destinatario
712496765934,20/01/2022,10:08,Envío entregado al destinatario
712496765934,20/01/2022,10:08,Envío entregado al destinatario
712595799171,13/10/2022,18:11,Envío entregado al destinatario
712503036895,07/02/2022,12:10,Envío entregado al destinatario
712493139061,07/01/2022,12:50,Envío entregado al destinatario
712494057811,11/01/2022,10:35,Envío entregado al destinatario
712495942642,29/01/2022,10:11,Envío entregado al destinatario
712502143964,26/01/2022,10:21,Orden de transporte creada
712497085134,13/01/2022,08:48,Orden de transporte creada
712499444521,24/01/2022,09:47,Envío entregado al destinatario
712493595590,10/01/2022,11:19,Envío entregado al destinatario
712502648620,27/01/2022,13:41,Orden de transporte creada
712501865110,28/01/2022,10:22,Envío entregado al destinatario
712504003875,31/01/2022,12:37,Orden de transporte creada
712493598390,10/01/2022,11:19,Envío entregado al destinatario
712503864855,16/02/2022,21:35,Envío entregado al remitente
712498764961,24/01/2022,09:25,Envío entregado al destinatario
712501272361,24/01/2022,10:52,Orden de transporte creada
712571208425,08/08/2022,09:00,Envío entregado al destinatario
712496891245,14/01/2022,10:24,Envío entregado al destinatario
712502261170,28/01/2022,10:25,Envío entregado al destinatario
712503027552,28/01/2022,12:49,Orden de transporte creada
712501298095,24/01/2022,11:20,Orden de transporte creada
712493581100,11/01/2022,10:51,Envío entregado al destinatario
712500521806,28/01/2022,11:02,Envío entregado al destinatario
712584345524,22/09/2022,11:39,Envío entregado al destinatario
712495735803,14/01/2022,09:46,Envío entregado al destinatario
712501223280,26/01/2022,09:35,Envío entregado al destinatario
712504111255,31/01/2022,15:31,Orden de transporte creada
712572595545,10/08/2022,09:53,Envío entregado al destinatario
712504111255,31/01/2022,15:31,Orden de transporte creada
712494040786,12/01/2022,17:32,Envío entregado al destinatario
712494040786,12/01/2022,17:32,Envío entregado al destinatario
712501868573,07/02/2022,09:21,Envío entregado al destinatario
712501525842,28/01/2022,14:11,Envío entregado al destinatario
712495808275,12/01/2022,11:08,Envío entregado al destinatario
712500526990,25/01/2022,13:05,Envío entregado al destinatario
712500079712,24/01/2022,11:43,Envío entregado al destinatario
712501490901,27/01/2022,13:42,Envío entregado al destinatario
712502612570,27/01/2022,12:12,Orden de transporte creada
712569949066,04/08/2022,13:33,Envío entregado al destinatario
712501797733,31/01/2022,12:23,Envío entregado al destinatario
712596097253,12/10/2022,11:50,Orden de transporte creada
712596097253,12/10/2022,11:50,Orden de transporte creada
712502563710,27/01/2022,10:57,Orden de transporte creada
712494529644,12/01/2022,10:29,Envío entregado al destinatario
712495891262,10/01/2022,15:13,Orden de transporte creada
712495891262,10/01/2022,15:13,Orden de transporte creada
712580573224,02/11/2022,16:24,Envío cancelado por el remitente
712500089265,20/01/2022,15:31,Orden de transporte creada
712494595470,12/01/2022,14:16,Envío entregado al destinatario
712499242836,20/01/2022,10:16,Envío entregado al destinatario
712499242836,20/01/2022,10:16,Envío entregado al destinatario
712497790222,14/01/2022,20:03,Orden de transporte creada
712503891912,31/01/2022,10:19,Orden de transporte creada
712568950376,02/08/2022,08:55,Envío entregado al destinatario
712495946971,14/01/2022,18:00,Envío entregado al destinatario
712492516886,06/01/2022,14:42,Envío entregado al destinatario
712503990435,31/01/2022,12:15,Orden de transporte creada
712498968716,25/01/2022,11:25,Envío entregado al destinatario
712492597751,05/01/2022,11:43,Envío entregado al destinatario
712503028215,01/02/2022,10:30,Envío entregado al destinatario
712499673852,21/01/2022,12:04,Envío entregado al destinatario
712494328792,10/01/2022,09:25,Envío entregado al destinatario
712596632296,19/10/2022,13:55,Envío entregado al destinatario
712494309225,06/01/2022,16:39,Orden de transporte creada
712497320566,17/01/2022,10:40,Envío entregado al destinatario
712497356804,13/01/2022,18:57,Orden de transporte creada
712580670421,13/09/2022,11:18,Envío entregado al destinatario
712502199651,28/01/2022,10:19,Envío entregado al destinatario
712501289113,28/01/2022,10:58,Envío entregado al destinatario
712496465446,11/01/2022,16:16,Orden de transporte creada
712496465446,11/01/2022,16:16,Orden de transporte creada
712494281936,10/01/2022,11:27,Envío entregado al destinatario
712497537124,18/01/2022,13:11,Envío entregado al destinatario
712493147634,04/01/2022,11:48,Orden de transporte creada
712504061813,31/01/2022,13:55,Orden de transporte creada
712497967112,19/01/2022,17:53,Envío entregado al destinatario
712504061813,31/01/2022,13:55,Orden de transporte creada
712502910641,28/01/2022,09:21,Orden de transporte creada
712574009081,22/08/2022,11:23,Envío entregado al destinatario
712501792483,31/01/2022,12:22,Envío entregado al destinatario
712501792483,31/01/2022,12:22,Envío entregado al destinatario
712495086332,27/04/2022,08:27,Envío en PUDAHUEL
712502177564,26/01/2022,11:09,Orden de transporte creada
712499891994,20/01/2022,09:34,Orden de transporte creada
712597675204,19/10/2022,10:10,Envío entregado al destinatario
712496383756,12/01/2022,13:30,Envío entregado al destinatario
712496382942,11/01/2022,13:23,Orden de transporte creada
712594294952,14/10/2022,10:49,Envío entregado al destinatario
712492492843,06/01/2022,11:00,Envío entregado al destinatario
712499581754,20/01/2022,16:28,Envío entregado al destinatario
712501388782,24/01/2022,13:09,Orden de transporte creada
712501804906,31/01/2022,10:43,Envío entregado al destinatario
712581939296,09/09/2022,09:25,Envío entregado al destinatario
712574852824,02/11/2022,16:40,Envío cancelado por el remitente
712493733280,05/01/2022,13:11,Orden de transporte creada
712496761222,20/01/2022,09:46,Envío entregado al destinatario
712496515076,13/01/2022,11:44,Envío entregado al destinatario
712496515076,13/01/2022,11:44,Envío entregado al destinatario
712497545233,24/01/2022,16:34,Envío entregado al destinatario
712500516825,25/01/2022,11:52,Envío entregado al destinatario
712497587686,24/01/2022,11:04,Envío entregado al destinatario
712499258424,20/01/2022,09:53,Envío entregado al destinatario
712500122143,08/02/2022,09:27,Envío entregado al destinatario
712500122143,08/02/2022,09:27,Envío entregado al destinatario
712500122143,08/02/2022,09:27,Envío entregado al destinatario
712493328245,12/01/2022,10:39,Envío entregado al destinatario
712501272383,26/01/2022,10:59,Envío entregado al destinatario
712500363013,16/02/2022,12:20,Envío entregado al remitente
712493732775,05/01/2022,13:10,Orden de transporte creada
712569927823,10/08/2022,18:24,Envío entregado al destinatario
712502566016,27/01/2022,11:01,Orden de transporte creada
712502566016,27/01/2022,11:01,Orden de transporte creada
712502566016,27/01/2022,11:01,Orden de transporte creada
712502638875,27/01/2022,13:14,Orden de transporte creada
712579958311,01/09/2022,09:59,Envío entregado al destinatario
712493147273,10/01/2022,10:22,Envío entregado al destinatario
712492461903,03/01/2022,09:51,Orden de transporte creada
712501247684,31/01/2022,12:06,Envío entregado al destinatario
712501242530,26/01/2022,14:17,Envío entregado al destinatario
712504066153,31/01/2022,14:04,Orden de transporte creada
712582428913,12/09/2022,11:58,Envío entregado al destinatario
712499935803,27/01/2022,15:19,Envío entregado al destinatario
712499704066,19/01/2022,18:10,Orden de transporte creada
712493835664,10/01/2022,10:08,Envío entregado al destinatario
712493078054,11/01/2022,11:04,Envío entregado al destinatario
712502199242,27/01/2022,14:49,Envío entregado al destinatario
712503008405,29/01/2022,12:32,Envío entregado al destinatario
712501855542,31/01/2022,08:48,Envío entregado al destinatario
712502491735,03/02/2022,10:14,Envío entregado al remitente
712494037754,07/01/2022,10:29,Envío entregado al destinatario
712493188212,10/01/2022,12:48,Envío entregado al destinatario
712502162724,01/02/2022,14:30,Envío entregado al destinatario
712497197801,19/01/2022,18:44,Envío entregado al destinatario
712501478113,11/03/2022,10:19,Inconveniente en el Envío
712503892181,07/02/2022,14:34,Envío entregado al destinatario
712502716612,04/02/2022,12:26,Envío entregado al destinatario
712595611766,17/10/2022,11:59,Envío entregado al destinatario
712500009045,01/02/2022,17:41,Envío entregado al destinatario
712496687265,14/01/2022,09:29,Envío entregado al destinatario
712502709240,28/01/2022,17:32,Envío entregado al destinatario
712494109854,20/01/2022,09:55,Envío con plazo vencido de retiro
712492454166,03/01/2022,09:43,Orden de transporte creada
712493122983,15/02/2022,21:07,Envío retrasado
712495663460,12/01/2022,11:00,Envío entregado al destinatario
712492736351,10/01/2022,17:50,Envío entregado al destinatario
712494110856,15/01/2022,10:52,Envío entregado al destinatario
712581398863,05/09/2022,10:25,Orden de transporte creada
712501385131,24/01/2022,13:03,Orden de transporte creada
712502995676,31/01/2022,16:16,Envío entregado al destinatario
712596524942,19/10/2022,10:42,Envío entregado al destinatario
712497151273,20/01/2022,11:15,Envío entregado al destinatario
712496881423,12/01/2022,16:34,Orden de transporte creada
712493708360,05/01/2022,12:28,Orden de transporte creada
712500351242,25/01/2022,12:18,Envío entregado al destinatario
712494568660,10/01/2022,12:48,Envío entregado al destinatario
712494269863,12/01/2022,12:35,Envío entregado al destinatario
712494036251,13/01/2022,15:25,Envío entregado al destinatario
712498767481,21/01/2022,10:58,Envío entregado al destinatario
712493748665,10/01/2022,10:19,Envío entregado al destinatario
712499595124,25/01/2022,11:23,Envío entregado al destinatario
712497301036,15/01/2022,11:49,Envío entregado al destinatario
712504191792,31/01/2022,17:51,Orden de transporte creada
712500126542,20/01/2022,17:11,Orden de transporte creada
712493294004,04/01/2022,16:26,Orden de transporte creada
712497084585,24/02/2022,10:54,Envío entregado al destinatario
712498740726,21/01/2022,13:28,Envío entregado al destinatario
712496200135,17/01/2022,13:27,Envío entregado al destinatario
712493314595,12/01/2022,10:49,Envío entregado al destinatario
712494769943,07/01/2022,16:56,Orden de transporte creada
712494769943,07/01/2022,16:56,Orden de transporte creada
712496725242,12/01/2022,10:55,Orden de transporte creada
712503115870,28/01/2022,17:05,Orden de transporte creada
712493811956,12/01/2022,09:54,Envío entregado al destinatario
712501339266,24/01/2022,11:54,Orden de transporte creada
712502690351,01/02/2022,11:30,Envío entregado al destinatario
712500008463,20/01/2022,12:24,Orden de transporte creada
712499567323,21/01/2022,08:42,Envío entregado al destinatario
712496774835,12/01/2022,12:14,Orden de transporte creada
712496774835,12/01/2022,12:14,Orden de transporte creada
712595799823,14/10/2022,13:28,Envío entregado al destinatario
712495962916,21/01/2022,09:47,Envío entregado al destinatario
712497110393,17/01/2022,10:40,Envío entregado al destinatario
712588840095,07/10/2022,15:11,Envío entregado al destinatario
712592252643,06/10/2022,13:58,Envío entregado al destinatario
712502914550,03/02/2022,19:27,Envío entregado al destinatario
712504035622,31/01/2022,13:13,Orden de transporte creada
712492425982,04/01/2022,15:02,Envío entregado al destinatario
712497289593,18/01/2022,09:41,Envío entregado al destinatario
712492600606,05/01/2022,11:18,Envío entregado al destinatario
712492600606,05/01/2022,11:18,Envío entregado al destinatario
712495985935,18/01/2022,11:31,Envío entregado al destinatario
712500533474,28/01/2022,10:07,Envío entregado al destinatario
712492594203,03/01/2022,12:33,Orden de transporte creada
712496838922,14/01/2022,09:46,Envío entregado al destinatario
712492622660,07/01/2022,08:42,Envío entregado al destinatario
712502277233,31/01/2022,16:23,Envío entregado al destinatario
712504009291,04/02/2022,10:42,Envío entregado al destinatario
712496371123,18/01/2022,12:12,Envío entregado al destinatario
712500123823,28/01/2022,11:15,Envío entregado al destinatario
712500502523,24/01/2022,10:28,Envío entregado al destinatario
712502751682,02/02/2022,12:59,Envío entregado al destinatario
712502307613,26/01/2022,15:28,Orden de transporte creada
712497747706,14/01/2022,16:23,Orden de transporte creada
712499217021,27/01/2022,18:19,Envío entregado al destinatario
712501174825,24/01/2022,08:34,Orden de transporte creada
712502179476,31/01/2022,10:46,Envío entregado al destinatario
712502179476,31/01/2022,10:46,Envío entregado al destinatario
712502245630,26/01/2022,12:55,Orden de transporte creada
712501467683,01/02/2022,10:54,Envío entregado al destinatario
712499464784,26/01/2022,11:50,Envío entregado al destinatario
712499464784,26/01/2022,11:50,Envío entregado al destinatario
712494269863,12/01/2022,12:35,Envío entregado al destinatario
712502208235,26/01/2022,11:59,Orden de transporte creada
712498399896,17/01/2022,08:46,Orden de transporte creada
712573888176,02/11/2022,16:40,Envío cancelado por el remitente
712496859266,15/01/2022,11:36,Envío entregado al destinatario
712496692703,26/01/2022,12:03,Envío entregado al destinatario
712494697320,07/01/2022,13:47,Orden de transporte creada
712503966775,03/02/2022,14:00,Envío entregado al destinatario
712503966775,03/02/2022,14:00,Envío entregado al destinatario
712492550744,10/01/2022,13:47,Envío entregado al destinatario
712573878752,02/11/2022,16:37,Envío cancelado por el remitente
712500526990,25/01/2022,13:05,Envío entregado al destinatario
712500526990,25/01/2022,13:05,Envío entregado al destinatario
712500526990,25/01/2022,13:05,Envío entregado al destinatario
712500526990,25/01/2022,13:05,Envío entregado al destinatario
712500526990,25/01/2022,13:05,Envío entregado al destinatario
712500526990,25/01/2022,13:05,Envío entregado al destinatario
712500526990,25/01/2022,13:05,Envío entregado al destinatario
712500526990,25/01/2022,13:05,Envío entregado al destinatario
712500526990,25/01/2022,13:05,Envío entregado al destinatario
712493708850,05/01/2022,12:29,Orden de transporte creada
712494976476,13/01/2022,13:31,Envío entregado al destinatario
712496705723,14/01/2022,13:21,Envío entregado al destinatario
712497596532,31/01/2022,12:39,Envío entregado al destinatario
712596271402,18/10/2022,14:44,Envío entregado al destinatario
712500539752,01/02/2022,10:52,Envío entregado al destinatario
712502240870,28/01/2022,13:57,Envío entregado al destinatario
712584423725,15/09/2022,15:09,Envío entregado al destinatario
712496772400,12/01/2022,12:08,Orden de transporte creada
712502492214,02/02/2022,10:34,Envío entregado al destinatario
712501489394,24/01/2022,16:33,Orden de transporte creada
712496779304,14/01/2022,09:09,Envío entregado al destinatario
712598509840,26/10/2022,11:32,Envío entregado al destinatario
712494679864,13/01/2022,13:31,Envío entregado al destinatario
712497612864,18/01/2022,12:51,Envío entregado al destinatario
712501221471,01/02/2022,17:19,Envío entregado al destinatario
712497152916,13/01/2022,11:11,Orden de transporte creada
712500424801,29/01/2022,10:31,Envío entregado al destinatario
712500424801,29/01/2022,10:31,Envío entregado al destinatario
712492427533,06/01/2022,10:21,Envío entregado al destinatario
712497228472,13/01/2022,13:15,Orden de transporte creada
712493755326,11/01/2022,10:49,Envío entregado al destinatario
712584510061,14/09/2022,14:42,Orden de transporte creada
712495772306,10/01/2022,11:53,Orden de transporte creada
712496841825,24/01/2022,15:24,Envío entregado al destinatario
712493176286,05/01/2022,09:51,Envío entregado al destinatario
712496773881,01/03/2022,13:13,Envío entregado al destinatario
712497121195,13/01/2022,10:05,Orden de transporte creada
712496715685,18/01/2022,13:54,Envío entregado al destinatario
712496685434,14/01/2022,12:31,Envío entregado al destinatario
712494618065,12/01/2022,10:49,Envío entregado al destinatario
712503130441,01/02/2022,10:57,Envío entregado al destinatario
712493316161,10/01/2022,18:36,Envío entregado al destinatario
712583662313,12/09/2022,10:18,Orden de transporte creada
712501450032,24/01/2022,15:13,Orden de transporte creada
712593598135,11/10/2022,11:13,Envío entregado al destinatario
712495821166,14/01/2022,17:59,Envío entregado al destinatario
712502956955,28/01/2022,10:46,Orden de transporte creada
712496905223,12/01/2022,17:39,Orden de transporte creada
712500130042,25/01/2022,12:34,Envío entregado al destinatario
712503108973,28/01/2022,16:44,Orden de transporte creada
712495961844,10/01/2022,17:45,Orden de transporte creada
712495961844,10/01/2022,17:45,Orden de transporte creada
712502618704,31/01/2022,12:48,Envío entregado al destinatario
712496772422,12/01/2022,12:08,Orden de transporte creada
712502562380,28/01/2022,14:37,Envío entregado al destinatario
712579508815,05/09/2022,09:00,Envío entregado al destinatario
712595431833,17/10/2022,13:04,Envío entregado al destinatario
712492632493,07/01/2022,08:42,Envío entregado al destinatario
712502110110,28/01/2022,10:58,Envío entregado al destinatario
712494664394,11/01/2022,12:43,Envío entregado al destinatario
712579473034,06/09/2022,10:20,Envío entregado al destinatario
712593687466,06/10/2022,15:46,Orden de transporte creada
712593688833,06/10/2022,15:48,Orden de transporte creada
712498728281,17/01/2022,16:36,Orden de transporte creada
712501263622,26/01/2022,10:59,Envío entregado al destinatario
712499256044,21/01/2022,13:54,Envío entregado al destinatario
712581450394,08/09/2022,13:17,Envío entregado al destinatario
712496451343,17/01/2022,12:07,Envío entregado al destinatario
712499203415,24/01/2022,10:44,Envío entregado al destinatario
712495967621,19/01/2022,15:38,Envío entregado al remitente
712575249912,19/08/2022,11:49,Envío entregado al destinatario
712568532410,01/08/2022,11:30,Envío entregado al destinatario
712493285291,06/01/2022,13:23,Envío entregado al destinatario
712496511031,18/01/2022,12:46,Envío entregado al destinatario
712493627436,05/01/2022,10:33,Orden de transporte creada
712500357870,24/01/2022,09:42,Envío entregado al destinatario
712496952775,14/01/2022,16:18,Envío entregado al destinatario
712501739751,31/01/2022,10:23,Envío entregado al destinatario
712496390266,17/01/2022,14:01,Envío entregado al destinatario
712494653931,11/01/2022,12:52,Envío entregado al destinatario
712492392382,06/01/2022,11:35,Envío entregado al destinatario
712495054095,13/01/2022,08:32,Envío entregado al destinatario
712492446223,05/01/2022,15:24,Envío entregado al destinatario
712596144212,19/10/2022,14:16,Envío entregado al destinatario
712586078050,22/09/2022,09:41,Envío entregado al destinatario
712586078050,22/09/2022,09:41,Envío entregado al destinatario
712497737405,21/01/2022,09:55,Envío entregado al destinatario
712497078532,15/01/2022,09:47,Envío entregado al destinatario
712501945864,25/01/2022,17:15,Orden de transporte creada
712500089943,01/02/2022,16:35,Envío entregado al destinatario
712496501135,11/01/2022,17:43,Orden de transporte creada
712497583044,21/01/2022,10:29,Envío entregado al destinatario
712500726210,18/02/2022,11:11,Envío entregado al remitente
712498641131,24/01/2022,13:51,Envío entregado al destinatario
712496190626,11/01/2022,08:36,Orden de transporte creada
712493720212,10/01/2022,09:31,Envío entregado al destinatario
712577350413,29/08/2022,14:52,Envío entregado al remitente
712502983964,31/01/2022,11:52,Envío entregado al destinatario
712593698235,11/10/2022,17:03,Envío entregado al destinatario
712503013843,02/02/2022,10:13,Envío entregado al destinatario
712499041295,26/01/2022,15:48,Envío entregado al remitente
712568665771,01/08/2022,10:38,Envío entregado al destinatario
712596076673,17/10/2022,11:54,Envío entregado al destinatario
